--﻿/* Account */
--
--INSERT INTO `rwby`.`ACCOUNT` (`ID_ACCOUNT`, `NUMBER`, `BILL`, `DELETED`) VALUES (1, '1001', '50000', NULL);
--INSERT INTO `rwby`.`ACCOUNT` (`ID_ACCOUNT`, `NUMBER`, `BILL`, `DELETED`) VALUES (2, '1002', '70000', NULL);
--
--/* User_t */
--
--INSERT INTO `rwby`.`USER_T` (`ID_USER`, `LOGIN`, `PASSWORD`, `FIRST_NAME`, `LAST_NAME`, `EMAIL`, `DELETED`, `ROLE`, `ACCOUNT_ID`) VALUES (1, 'admin', 'dmn', 'Petr', 'Petrov', 'admin@rs.com', FALSE, 2, 2);
--INSERT INTO `rwby`.`USER_T` (`ID_USER`, `LOGIN`, `PASSWORD`, `FIRST_NAME`, `LAST_NAME`, `EMAIL`, `DELETED`, `ROLE`, `ACCOUNT_ID`) VALUES (2, 'mavs', 'mvs', 'Ivan', 'Ivanchenko', 'mavs@rs.com', FALSE, 2, 1);
--INSERT INTO `rwby`.`USER_T` (`ID_USER`, `LOGIN`, `PASSWORD`, `FIRST_NAME`, `LAST_NAME`, `EMAIL`, `DELETED`, `ROLE`, `ACCOUNT_ID`) VALUES (3, 'client', 'clnt', 'Jan', 'Janko', 'client@tut.by', FALSE, 1, 1);
--INSERT INTO `rwby`.`USER_T` (`ID_USER`, `LOGIN`, `PASSWORD`, `FIRST_NAME`, `LAST_NAME`, `EMAIL`, `DELETED`, `ROLE`, `ACCOUNT_ID`) VALUES (4, 'mark', 'mrk', 'Klim', 'Vanich', 'mark@mail.ru', FALSE, 1, 2);
--
--/* Station */
--
--INSERT INTO `rwby`.`STATION` (`ID_STATION`, `NAME_STATION`) VALUES (1, 'GRODNO');
--INSERT INTO `rwby`.`STATION` (`ID_STATION`, `NAME_STATION`) VALUES (2, 'LIDA');
--INSERT INTO `rwby`.`STATION` (`ID_STATION`, `NAME_STATION`) VALUES (3, 'MOLODECHNO');
--INSERT INTO `rwby`.`STATION` (`ID_STATION`, `NAME_STATION`) VALUES (4, 'BARANOVICHI');
--INSERT INTO `rwby`.`STATION` (`ID_STATION`, `NAME_STATION`) VALUES (5, 'MINSK');
--INSERT INTO `rwby`.`STATION` (`ID_STATION`, `NAME_STATION`) VALUES (6, 'VITEBSK');
--INSERT INTO `rwby`.`STATION` (`ID_STATION`, `NAME_STATION`) VALUES (7, 'BREST');
--
--/* MapStation */
--
--INSERT INTO `rwby`.`MAP_STATION` (`ID_MAP_STATION`, `STATION_DEPARTURE`, `STATION_ARRIVAL`, `TIME`, `DISTANCE`) VALUES (01, 1, 2, '1:43', 120);
--INSERT INTO `rwby`.`MAP_STATION` (`ID_MAP_STATION`, `STATION_DEPARTURE`, `STATION_ARRIVAL`, `TIME`, `DISTANCE`) VALUES (02, 2, 3, '2:28', 170);
--INSERT INTO `rwby`.`MAP_STATION` (`ID_MAP_STATION`, `STATION_DEPARTURE`, `STATION_ARRIVAL`, `TIME`, `DISTANCE`) VALUES (03, 3, 5, '1:08', 85);
--INSERT INTO `rwby`.`MAP_STATION` (`ID_MAP_STATION`, `STATION_DEPARTURE`, `STATION_ARRIVAL`, `TIME`, `DISTANCE`) VALUES (04, 1, 4, '2:35', 179);
--INSERT INTO `rwby`.`MAP_STATION` (`ID_MAP_STATION`, `STATION_DEPARTURE`, `STATION_ARRIVAL`, `TIME`, `DISTANCE`) VALUES (05, 4, 5, '3:03', 228);
--INSERT INTO `rwby`.`MAP_STATION` (`ID_MAP_STATION`, `STATION_DEPARTURE`, `STATION_ARRIVAL`, `TIME`, `DISTANCE`) VALUES (06, 5, 6, '4:16', 298);
--INSERT INTO `rwby`.`MAP_STATION` (`ID_MAP_STATION`, `STATION_DEPARTURE`, `STATION_ARRIVAL`, `TIME`, `DISTANCE`) VALUES (07, 5, 7, '4:29', 316);
--
--/* Train */
--
--INSERT INTO `rwby`.`TRAIN` (`ID_TRAIN`, `NUMBER`, `TIME_DEPARTURE`) VALUES (1, 10, '1:43');
--INSERT INTO `rwby`.`TRAIN` (`ID_TRAIN`, `NUMBER`,`TIME_DEPARTURE`) VALUES (2, 20, '16:20');
--
--/* TrainMapStation */
--
--INSERT INTO `rwby`.`TRAIN_MAP_STATION` (`ID_TRAIN_MAP_STATION`, `MAP_STATION_ID`, `TRAIN_ID`, `SEQ_NO`) VALUES (1, 01, 1, 1);
--INSERT INTO `rwby`.`TRAIN_MAP_STATION` (`ID_TRAIN_MAP_STATION`, `MAP_STATION_ID`, `TRAIN_ID`, `SEQ_NO`) VALUES (2, 02, 1, 2);
--INSERT INTO `rwby`.`TRAIN_MAP_STATION` (`ID_TRAIN_MAP_STATION`, `MAP_STATION_ID`, `TRAIN_ID`, `SEQ_NO`) VALUES (3, 03, 1, 3);
--INSERT INTO `rwby`.`TRAIN_MAP_STATION` (`ID_TRAIN_MAP_STATION`, `MAP_STATION_ID`, `TRAIN_ID`, `SEQ_NO`) VALUES (4, 06, 1, 4);
--INSERT INTO `rwby`.`TRAIN_MAP_STATION` (`ID_TRAIN_MAP_STATION`, `MAP_STATION_ID`, `TRAIN_ID`, `SEQ_NO`) VALUES (5, 04, 2, 1);
--INSERT INTO `rwby`.`TRAIN_MAP_STATION` (`ID_TRAIN_MAP_STATION`, `MAP_STATION_ID`, `TRAIN_ID`, `SEQ_NO`) VALUES (6, 05, 2, 2);
--INSERT INTO `rwby`.`TRAIN_MAP_STATION` (`ID_TRAIN_MAP_STATION`, `MAP_STATION_ID`, `TRAIN_ID`, `SEQ_NO`) VALUES (7, 07, 2, 3);
--
--/* TypeWagon */
--
--INSERT INTO `rwby`.`TYPE_WAGON` (`ID_TYPE_WAGON`, `TYPE`, `NUMBER_SEATS`, `COEFFICIENT`) VALUES (01, 'GENERAL', 81, 1);
--INSERT INTO `rwby`.`TYPE_WAGON` (`ID_TYPE_WAGON`, `TYPE`, `NUMBER_SEATS`, `COEFFICIENT`) VALUES (02, 'PLACCARD', 56, 1.2);
--INSERT INTO `rwby`.`TYPE_WAGON` (`ID_TYPE_WAGON`, `TYPE`, `NUMBER_SEATS`, `COEFFICIENT`) VALUES (03, 'CUPE', 36, 1.4);
--INSERT INTO `rwby`.`TYPE_WAGON` (`ID_TYPE_WAGON`, `TYPE`, `NUMBER_SEATS`, `COEFFICIENT`) VALUES (04, 'SV', 18, 1.6);
--
--/* Wagon */
--
--INSERT INTO `rwby`.`WAGON` (`ID_WAGON`, `TYPE_WAGON`, `NUMBER`, `TRAIN_ID`) VALUES (001, 01, 155, 1);
--INSERT INTO `rwby`.`WAGON` (`ID_WAGON`, `TYPE_WAGON`, `NUMBER`, `TRAIN_ID`) VALUES (002, 02, 156, 1);
--INSERT INTO `rwby`.`WAGON` (`ID_WAGON`, `TYPE_WAGON`, `NUMBER`, `TRAIN_ID`) VALUES (003, 03, 157, 2);
--INSERT INTO `rwby`.`WAGON` (`ID_WAGON`, `TYPE_WAGON`, `NUMBER`, `TRAIN_ID`) VALUES (004, 04, 158, 2);
--
--/* TrainDate */
--INSERT INTO `rwby`.`train_date` (`ID_TRAIN_DATE`, `DEPARTURE_DATE`, `DEPARTURE_TIME`, `TRAIN_ID`) VALUES ('1', ' 2014-04-23', '16:43', '1');
--INSERT INTO `rwby`.`train_date` (`ID_TRAIN_DATE`, `DEPARTURE_DATE`, `DEPARTURE_TIME`, `TRAIN_ID`) VALUES ('2', '2014-04-24', '15:23', '1');
--INSERT INTO `rwby`.`train_date` (`ID_TRAIN_DATE`, `DEPARTURE_DATE`, `DEPARTURE_TIME`, `TRAIN_ID`) VALUES ('3', '2014-04-23', '08:20', '2');
